{
    "name": "root",
    "gauges": {
        "Spaceship.Policy.Entropy.mean": {
            "value": 1.7090535163879395,
            "min": 1.5848078727722168,
            "max": 2.196197271347046,
            "count": 314
        },
        "Spaceship.Policy.Entropy.sum": {
            "value": 17145.224609375,
            "min": 15404.5322265625,
            "max": 24035.18359375,
            "count": 314
        },
        "Spaceship.Step.mean": {
            "value": 3139941.0,
            "min": 9984.0,
            "max": 3139941.0,
            "count": 314
        },
        "Spaceship.Step.sum": {
            "value": 3139941.0,
            "min": 9984.0,
            "max": 3139941.0,
            "count": 314
        },
        "Spaceship.Policy.ExtrinsicValueEstimate.mean": {
            "value": -0.2148711383342743,
            "min": -0.5549825429916382,
            "max": -0.1805967539548874,
            "count": 314
        },
        "Spaceship.Policy.ExtrinsicValueEstimate.sum": {
            "value": -22.34659767150879,
            "min": -57.71818542480469,
            "max": -16.79549789428711,
            "count": 314
        },
        "Spaceship.Environment.EpisodeLength.mean": {
            "value": 222.13333333333333,
            "min": 157.32608695652175,
            "max": 399.48275862068965,
            "count": 314
        },
        "Spaceship.Environment.EpisodeLength.sum": {
            "value": 9996.0,
            "min": 4997.0,
            "max": 14814.0,
            "count": 314
        },
        "Spaceship.Environment.CumulativeReward.mean": {
            "value": -0.5042999780840344,
            "min": -1.2887646790739953,
            "max": -0.13899998304744562,
            "count": 314
        },
        "Spaceship.Environment.CumulativeReward.sum": {
            "value": -22.693499013781548,
            "min": -65.72699863277376,
            "max": -4.1699994914233685,
            "count": 314
        },
        "Spaceship.Policy.ExtrinsicReward.mean": {
            "value": -0.5042999780840344,
            "min": -1.2887646790739953,
            "max": -0.13899998304744562,
            "count": 314
        },
        "Spaceship.Policy.ExtrinsicReward.sum": {
            "value": -22.693499013781548,
            "min": -65.72699863277376,
            "max": -4.1699994914233685,
            "count": 314
        },
        "Spaceship.Losses.PolicyLoss.mean": {
            "value": 0.09671660723397509,
            "min": 0.07508195990521926,
            "max": 0.14778716877335682,
            "count": 314
        },
        "Spaceship.Losses.PolicyLoss.sum": {
            "value": 0.09671660723397509,
            "min": 0.07508195990521926,
            "max": 0.2464612844050862,
            "count": 314
        },
        "Spaceship.Losses.ValueLoss.mean": {
            "value": 0.021196332632098348,
            "min": 0.008577769435942174,
            "max": 0.047153320349752906,
            "count": 314
        },
        "Spaceship.Losses.ValueLoss.sum": {
            "value": 0.021196332632098348,
            "min": 0.008577769435942174,
            "max": 0.060427721310406926,
            "count": 314
        },
        "Spaceship.Policy.LearningRate.mean": {
            "value": 0.00013733091133456,
            "min": 0.00013733091133456,
            "max": 0.00019980594009703004,
            "count": 314
        },
        "Spaceship.Policy.LearningRate.sum": {
            "value": 0.00013733091133456,
            "min": 0.00013733091133456,
            "max": 0.00039020158489921,
            "count": 314
        },
        "Spaceship.Policy.Epsilon.mean": {
            "value": 0.16866544,
            "min": 0.16866544,
            "max": 0.19990297,
            "count": 314
        },
        "Spaceship.Policy.Epsilon.sum": {
            "value": 0.16866544,
            "min": 0.16866544,
            "max": 0.39510079,
            "count": 314
        },
        "Spaceship.Policy.Beta.mean": {
            "value": 0.0034364054560000004,
            "min": 0.0034364054560000004,
            "max": 0.004995158203,
            "count": 314
        },
        "Spaceship.Policy.Beta.sum": {
            "value": 0.0034364054560000004,
            "min": 0.0034364054560000004,
            "max": 0.009755529421000001,
            "count": 314
        },
        "Spaceship.IsTraining.mean": {
            "value": 1.0,
            "min": 1.0,
            "max": 1.0,
            "count": 314
        },
        "Spaceship.IsTraining.sum": {
            "value": 1.0,
            "min": 1.0,
            "max": 1.0,
            "count": 314
        }
    },
    "metadata": {
        "timer_format_version": "0.1.0",
        "start_time_seconds": "1772547776",
        "python_version": "3.10.12 | packaged by Anaconda, Inc. | (main, Jul  5 2023, 19:01:18) [MSC v.1916 64 bit (AMD64)]",
        "command_line_arguments": "C:\\Users\\cheho\\miniconda3\\envs\\mlagents\\Scripts\\mlagents-learn config/spaceship_config.yaml --run-id=sectorLSTM1 --force",
        "mlagents_version": "1.2.0.dev0",
        "mlagents_envs_version": "1.2.0.dev0",
        "communication_protocol_version": "1.5.0",
        "pytorch_version": "2.2.2+cu121",
        "numpy_version": "1.23.5",
        "end_time_seconds": "1772551735"
    },
    "total": 3958.7891046000004,
    "count": 1,
    "self": 0.006907000002684072,
    "children": {
        "run_training.setup": {
            "total": 0.10919879999710247,
            "count": 1,
            "self": 0.10919879999710247
        },
        "TrainerController.start_learning": {
            "total": 3958.6729988000006,
            "count": 1,
            "self": 4.046771400979196,
            "children": {
                "TrainerController._reset_env": {
                    "total": 22.977053999995405,
                    "count": 1,
                    "self": 22.977053999995405
                },
                "TrainerController.advance": {
                    "total": 3931.4932471990323,
                    "count": 200347,
                    "self": 4.0406900996676995,
                    "children": {
                        "env_step": {
                            "total": 2870.7681496980804,
                            "count": 200347,
                            "self": 1733.951619295818,
                            "children": {
                                "SubprocessEnvManager._take_step": {
                                    "total": 1134.1747889020626,
                                    "count": 200347,
                                    "self": 17.16540680223261,
                                    "children": {
                                        "TorchPolicy.evaluate": {
                                            "total": 1117.00938209983,
                                            "count": 196898,
                                            "self": 1117.00938209983
                                        }
                                    }
                                },
                                "workers": {
                                    "total": 2.641741500199714,
                                    "count": 200346,
                                    "self": 0.0,
                                    "children": {
                                        "worker_root": {
                                            "total": 3933.5471990005753,
                                            "count": 200346,
                                            "is_parallel": true,
                                            "self": 2516.107569800144,
                                            "children": {
                                                "steps_from_proto": {
                                                    "total": 0.00330509999912465,
                                                    "count": 1,