{
    "name": "root",
    "gauges": {
        "Spaceship.Policy.Entropy.mean": {
            "value": 1.9624582529067993,
            "min": 1.9323047399520874,
            "max": 2.889453887939453,
            "count": 92
        },
        "Spaceship.Policy.Entropy.sum": {
            "value": 97526.328125,
            "min": 95842.3125,
            "max": 150528.984375,
            "count": 92
        },
        "Spaceship.Environment.EpisodeLength.mean": {
            "value": 840.8363636363637,
            "min": 774.515625,
            "max": 935.3035714285714,
            "count": 92
        },
        "Spaceship.Environment.EpisodeLength.sum": {
            "value": 46246.0,
            "min": 46246.0,
            "max": 52822.0,
            "count": 92
        },
        "Spaceship.Step.mean": {
            "value": 4599825.0,
            "min": 49956.0,
            "max": 4599825.0,
            "count": 92
        },
        "Spaceship.Step.sum": {
            "value": 4599825.0,
            "min": 49956.0,
            "max": 4599825.0,
            "count": 92
        },
        "Spaceship.Policy.ExtrinsicValueEstimate.mean": {
            "value": 0.6174992918968201,
            "min": -0.3108013868331909,
            "max": 0.6292070746421814,
            "count": 92
        },
        "Spaceship.Policy.ExtrinsicValueEstimate.sum": {
            "value": 127.2048568725586,
            "min": -63.40348434448242,
            "max": 133.790283203125,
            "count": 92
        },
        "Spaceship.Environment.CumulativeReward.mean": {
            "value": 5.41625843373212,
            "min": -9.548141966847812,
            "max": 5.934476790243182,
            "count": 92
        },
        "Spaceship.Environment.CumulativeReward.sum": {
            "value": 297.89421385526657,
            "min": -486.95524030923843,
            "max": 344.19965383410454,
            "count": 92
        },
        "Spaceship.Policy.ExtrinsicReward.mean": {
            "value": 5.41625843373212,
            "min": -9.548141966847812,
            "max": 5.934476790243182,
            "count": 92
        },
        "Spaceship.Policy.ExtrinsicReward.sum": {
            "value": 297.89421385526657,
            "min": -486.95524030923843,
            "max": 344.19965383410454,
            "count": 92
        },
        "Spaceship.Losses.PolicyLoss.mean": {
            "value": 0.013762800073891412,
            "min": 0.008237852845195449,
            "max": 0.015250853789621033,
            "count": 92
        },
        "Spaceship.Losses.PolicyLoss.sum": {
            "value": 0.013762800073891412,
            "min": 0.008237852845195449,
            "max": 0.02915588854230009,
            "count": 92
        },
        "Spaceship.Losses.ValueLoss.mean": {
            "value": 0.022969635017216206,
            "min": 0.016250406741164625,
            "max": 0.24498251937329768,
            "count": 92
        },
        "Spaceship.Losses.ValueLoss.sum": {
            "value": 0.022969635017216206,
            "min": 0.016250406741164625,
            "max": 0.2755823878571391,
            "count": 92
        },
        "Spaceship.Policy.LearningRate.mean": {
            "value": 0.00020866299044567998,
            "min": 0.00020866299044567998,
            "max": 0.0002991792002736,
            "count": 92
        },
        "Spaceship.Policy.LearningRate.sum": {
            "value": 0.00020866299044567998,
            "min": 0.00020866299044567998,
            "max": 0.0005909575430141532,
            "count": 92
        },
        "Spaceship.Policy.Epsilon.mean": {
            "value": 0.16955431999999998,
            "min": 0.16955431999999998,
            "max": 0.19972640000000003,
            "count": 92
        },
        "Spaceship.Policy.Epsilon.sum": {
            "value": 0.16955431999999998,
            "min": 0.16955431999999998,
            "max": 0.3969858466666667,
            "count": 92
        },
        "Spaceship.Policy.Beta.mean": {
            "value": 0.0034807605679999997,
            "min": 0.0034807605679999997,
            "max": 0.004986347360000001,
            "count": 92
        },
        "Spaceship.Policy.Beta.sum": {
            "value": 0.0034807605679999997,
            "min": 0.0034807605679999997,
            "max": 0.009849593748666667,
            "count": 92
        },
        "Spaceship.IsTraining.mean": {
            "value": 1.0,
            "min": 1.0,
            "max": 1.0,
            "count": 92
        },
        "Spaceship.IsTraining.sum": {
            "value": 1.0,
            "min": 1.0,
            "max": 1.0,
            "count": 92
        }
    },
    "metadata": {
        "timer_format_version": "0.1.0",
        "start_time_seconds": "1772368625",
        "python_version": "3.10.12 | packaged by Anaconda, Inc. | (main, Jul  5 2023, 19:01:18) [MSC v.1916 64 bit (AMD64)]",
        "command_line_arguments": "C:\\Users\\cheho\\miniconda3\\envs\\mlagents\\Scripts\\mlagents-learn config/spaceship_config.yaml --run-id=improvedTraining2 --force",
        "mlagents_version": "1.2.0.dev0",
        "mlagents_envs_version": "1.2.0.dev0",
        "communication_protocol_version": "1.5.0",
        "pytorch_version": "2.2.2+cu121",
        "numpy_version": "1.23.5",
        "end_time_seconds": "1772373946"
    },
    "total": 5320.6297538,
    "count": 1,
    "self": 0.009339299999737705,
    "children": {
        "run_training.setup": {
            "total": 0.10318890000053216,
            "count": 1,
            "self": 0.10318890000053216
        },
        "TrainerController.start_learning": {
            "total": 5320.5172256,
            "count": 1,
            "self": 5.252597400285595,
            "children": {
                "TrainerController._reset_env": {
                    "total": 34.36431240000002,
                    "count": 1,
                    "self": 34.36431240000002
                },
                "TrainerController.advance": {
                    "total": 5280.709954199714,
                    "count": 291228,
                    "self": 4.814532898978541,
                    "children": {
                        "env_step": {
                            "total": 4318.130214700362,
                            "count": 291228,
                            "self": 2772.909675401166,
                            "children": {
                                "SubprocessEnvManager._take_step": {
                                    "total": 1541.7741347991323,
                                    "count": 291228,
                                    "self": 17.40031689911575,
                                    "children": {
                                        "TorchPolicy.evaluate": {
                                            "total": 1524.3738179000165,
                                            "count": 288034,
                                            "self": 1524.3738179000165
                                        }
                                    }
                                },
                                "workers": {
                                    "total": 3.4464045000631813,
                                    "count": 291227,
                                    "self": 0.0,
                                    "children": {
                                        "worker_root": {
                                            "total": 5215.54788310032,
                                            "count": 291227,
                                            "is_parallel": true,
                                            "self": 2865.4884109003897,
                                            "children": {
                                                "steps_from_proto": {
                                                    "total": 0.0007565000005342881,
                                                    "count": 1,