{"count":1,"self":263.6376064,"total":271.8261792,"children":{"InitializeActuators":{"count":16,"self":0.0015559999999999999,"total":0.0015559999999999999,"children":null},"InitializeSensors":{"count":16,"self":0.0027556,"total":0.0066557,"children":{"CreateObservableSensors":{"count":16,"self":0.0039000999999999997,"total":0.0039000999999999997,"children":null}}},"AgentSendState":{"count":13089,"self":0.3731465,"total":2.0300425,"children":{"CollectObservations":{"count":41888,"self":1.4591006,"total":1.4591006,"children":null},"WriteActionMask":{"count":41888,"self":0.07317499999999999,"total":0.07317499999999999,"children":null},"RequestDecision":{"count":41888,"self":0.12462039999999999,"total":0.12462039999999999,"children":null}}},"DecideAction":{"count":13089,"self":1.7883011999999998,"total":1.7883012999999999,"children":null},"AgentAct":{"count":13089,"self":4.3592544,"total":4.3592542,"children":null},"CreateObservableSensors":{"count":17,"self":0.0027589999999999997,"total":0.0027589999999999997,"children":null}},"gauges":{"Spaceship.CumulativeReward":{"count":463,"max":23.3067112,"min":1.02835417,"runningAverage":4.47839355,"value":6.14713049,"weightedAverage":4.065465}},"metadata":{"timer_format_version":"0.1.0","start_time_seconds":"1772468950","unity_version":"6000.0.40f1","command_line_arguments":"C:\\Program Files\\Unity\\Hub\\Editor\\6000.0.40f1\\Editor\\Unity.exe -projectpath D:\\University\\Junia\\Reinforcement_Learning_and_AI_Programming\\Space-Dodger -acceptSoftwareTermsForThisRunOnly -useHub -hubIPC -cloudEnvironment production","communication_protocol_version":"1.5.0","com.unity.ml-agents_version":"4.0.2","scene_name":"MainLvl","end_time_seconds":"1772469222"}}