{
    "name": "root",
    "gauges": {
        "Spaceship.Policy.Entropy.mean": {
            "value": 2.2604129314422607,
            "min": 2.1062874794006348,
            "max": 2.2604129314422607,
            "count": 4
        },
        "Spaceship.Policy.Entropy.sum": {
            "value": 112975.4375,
            "min": 41628.66796875,
            "max": 112975.4375,
            "count": 4
        },
        "Spaceship.Environment.EpisodeLength.mean": {
            "value": 145.47093023255815,
            "min": 145.47093023255815,
            "max": 162.7391304347826,
            "count": 4
        },
        "Spaceship.Environment.EpisodeLength.sum": {
            "value": 50042.0,
            "min": 18637.0,
            "max": 50042.0,
            "count": 4
        },
        "Spaceship.Step.mean": {
            "value": 499967.0,
            "min": 349937.0,
            "max": 499967.0,
            "count": 4
        },
        "Spaceship.Step.sum": {
            "value": 499967.0,
            "min": 349937.0,
            "max": 499967.0,
            "count": 4
        },
        "Spaceship.Policy.ExtrinsicValueEstimate.mean": {
            "value": -0.473337858915329,
            "min": -0.473337858915329,
            "max": 0.02016221359372139,
            "count": 4
        },
        "Spaceship.Policy.ExtrinsicValueEstimate.sum": {
            "value": -447.7776184082031,
            "min": -447.7776184082031,
            "max": 7.2987213134765625,
            "count": 4
        },
        "Spaceship.Environment.CumulativeReward.mean": {
            "value": -1.2590151401344947,
            "min": -2.0157614726753486,
            "max": -1.2590151401344947,
            "count": 4
        },
        "Spaceship.Environment.CumulativeReward.sum": {
            "value": -433.10120820626616,
            "min": -586.8267192225903,
            "max": -249.9544226117432,
            "count": 4
        },
        "Spaceship.Policy.ExtrinsicReward.mean": {
            "value": -1.2590151401344947,
            "min": -2.0157614726753486,
            "max": -1.2590151401344947,
            "count": 4
        },
        "Spaceship.Policy.ExtrinsicReward.sum": {
            "value": -433.10120820626616,
            "min": -586.8267192225903,
            "max": -249.9544226117432,
            "count": 4
        },
        "Spaceship.Losses.PolicyLoss.mean": {
            "value": 0.025189141401982244,
            "min": 0.02132796709498507,
            "max": 0.025189141401982244,
            "count": 4
        },
        "Spaceship.Losses.PolicyLoss.sum": {
            "value": 0.12594570700991123,
            "min": 0.022720760270021855,
            "max": 0.12594570700991123,
            "count": 4
        },
        "Spaceship.Losses.ValueLoss.mean": {
            "value": 0.21682787706454593,
            "min": 0.1525835946202278,
            "max": 0.21682787706454593,
            "count": 4
        },
        "Spaceship.Losses.ValueLoss.sum": {
            "value": 1.0841393853227297,
            "min": 0.1525835946202278,
            "max": 1.0841393853227297,
            "count": 4
        },
        "Spaceship.Policy.LearningRate.mean": {
            "value": 1.539285486908e-05,
            "min": 1.539285486908e-05,
            "max": 9.552966815679999e-05,
            "count": 4
        },
        "Spaceship.Policy.LearningRate.sum": {
            "value": 7.69642743454e-05,
            "min": 7.69642743454e-05,
            "max": 0.0003852087715972,
            "count": 4
        },
        "Spaceship.Policy.Epsilon.mean": {
            "value": 0.10513091999999999,
            "min": 0.10513091999999999,
            "max": 0.13184320000000002,
            "count": 4
        },
        "Spaceship.Policy.Epsilon.sum": {
            "value": 0.5256546,
            "min": 0.13184320000000002,
            "max": 0.6284028,
            "count": 4
        },
        "Spaceship.Policy.Beta.mean": {
            "value": 0.000266032908,
            "min": 0.000266032908,
            "max": 0.0015989756800000008,
            "count": 4
        },
        "Spaceship.Policy.Beta.sum": {
            "value": 0.00133016454,
            "min": 0.00133016454,
            "max": 0.00645729972,
            "count": 4
        },
        "Spaceship.IsTraining.mean": {
            "value": 1.0,
            "min": 1.0,
            "max": 1.0,
            "count": 4
        },
        "Spaceship.IsTraining.sum": {
            "value": 1.0,
            "min": 1.0,
            "max": 1.0,
            "count": 4
        }
    },
    "metadata": {
        "timer_format_version": "0.1.0",
        "start_time_seconds": "1772331333",
        "python_version": "3.10.12 | packaged by Anaconda, Inc. | (main, Jul  5 2023, 19:01:18) [MSC v.1916 64 bit (AMD64)]",
        "command_line_arguments": "C:\\Users\\cheho\\miniconda3\\envs\\mlagents\\Scripts\\mlagents-learn --run-id=firstTraining --resume",
        "mlagents_version": "1.2.0.dev0",
        "mlagents_envs_version": "1.2.0.dev0",
        "communication_protocol_version": "1.5.0",
        "pytorch_version": "2.2.2+cu121",
        "numpy_version": "1.23.5",
        "end_time_seconds": "1772331797"
    },
    "total": 464.10343170000124,
    "count": 1,
    "self": 0.02732599999580998,
    "children": {
        "run_training.setup": {
            "total": 0.02418300000135787,
            "count": 1,
            "self": 0.02418300000135787
        },
        "TrainerController.start_learning": {
            "total": 464.05192270000407,
            "count": 1,
            "self": 0.41875249829899985,
            "children": {
                "TrainerController._reset_env": {
                    "total": 13.601227000006475,
                    "count": 1,
                    "self": 13.601227000006475
                },
                "TrainerController.advance": {
                    "total": 449.96510360170214,
                    "count": 14782,
                    "self": 0.40203500165080186,
                    "children": {
                        "env_step": {
                            "total": 376.77020529998117,
                            "count": 14782,
                            "self": 259.2713727996015,
                            "children": {
                                "SubprocessEnvManager._take_step": {
                                    "total": 117.25680390023626,
                                    "count": 14782,
                                    "self": 1.4586439009290189,
                                    "children": {
                                        "TorchPolicy.evaluate": {
                                            "total": 115.79815999930725,
                                            "count": 14148,
                                            "self": 115.79815999930725
                                        }
                                    }
                                },
                                "workers": {
                                    "total": 0.24202860014338512,
                                    "count": 14782,
                                    "self": 0.0,
                                    "children": {
                                        "worker_root": {
                                            "total": 452.22402000115835,
                                            "count": 14782,
                                            "is_parallel": true,
                                            "self": 220.51148070064664,
                                            "children": {
                                                "steps_from_proto": {
                                                    "total": 0.002939199999673292,
                                                    "count": 1,
                                                    "is_parallel": true,